step_ID;d1;e1;z1;a2;b2;g2;d2;ch1;ch2;NN;CC;mu;P1;t1;Pn1;P2;t2;Pn2;nu11;nu12;nu13;nu14;nu15;nu21;nu22;nu23;nu24;nu25
1r71_E_DA.A_1_BRU.A_2;145.7;159.3;278.6;272.3;178.2;75.1;126.6;260.4;249.9;3.87;4.13;24.3;215.2;27.6;C3exo;123.3;18.4;C1exo;8.2;9.4;337.4;27.6;337.4;341.5;17.4;349.9;359.9;11.3
1r71_E_BRU.A_2_DT.A_3;126.6;193.4;234.2;310.5;175.0;48.3;137.0;249.9;250.2;5.07;5.76;23.6;123.3;18.4;C1exo;168.8;31.7;C2end;341.5;17.4;349.9;359.9;11.3;344.0;28.5;328.9;21.8;356.3
1r71_E_DT.A_3_DT.A_4;137.0;184.4;268.7;316.6;175.3;29.6;123.2;250.2;249.4;3.86;4.3;28.6;168.8;31.7;C2end;133.8;38.6;C1exo;344.0;28.5;328.9;21.8;356.3;324.3;37.8;333.3;6.4;18.5
1r71_E_DT.A_4_DT.A_5;123.2;175.3;258.3;315.8;179.7;41.4;140.2;249.4;257.6;4.48;5.05;25.1;133.8;38.6;C1exo;161.2;42.7;C2end;324.3;37.8;333.3;6.4;18.5;333.7;41.2;319.6;25.5;0.3
1r71_E_DT.A_5_DA.A_6;140.2;208.7;247.9;310.8;161.9;22.6;108.4;257.6;251.9;3.95;4.6;32.0;161.2;42.7;C2end;108.2;26.9;C1exo;333.7;41.2;319.6;25.5;0.3;332.8;21.9;351.6;352.6;22.2
1r71_E_DA.A_6_DG.A_7;108.4;180.1;264.7;311.8;143.4;64.0;136.6;251.9;237.8;3.94;4.23;22.0;108.2;26.9;C1exo;140.5;51.7;C1exo;332.8;21.9;351.6;352.6;22.2;315.3;53.3;320.1;15.3;18.4
1r71_E_DG.A_7_DC.A_8;136.6;228.2;180.1;314.5;143.3;45.6;137.0;237.8;234.6;5.54;6.03;25.0;140.5;51.7;C1exo;148.7;37.8;C2end;315.3;53.3;320.1;15.3;18.4;330.5;37.6;327.7;15.5;8.9
1r71_E_DC.A_8_DG.A_9;137.0;194.2;268.7;299.9;170.4;42.4;114.5;234.6;238.6;3.92;4.6;35.9;148.7;37.8;C2end;113.1;31.8;C1exo;330.5;37.6;327.7;15.5;8.9;327.6;28.0;347.5;354.1;23.8
1r71_E_DG.A_9_DG.A_10;114.5;178.4;257.3;315.0;199.1;36.0;169.6;238.6;265.4;5.25;5.7;18.0;113.1;31.8;C1exo;186.1;49.5;C3exo;327.6;28.0;347.5;354.1;23.8;349.1;37.0;310.8;43.6;339.6
1r71_E_DG.A_10_DC.A_11;169.6;193.9;250.8;306.3;159.8;44.1;113.5;265.4;248.9;3.89;4.42;25.9;186.1;49.5;C3exo;114.0;44.6;C1exo;349.1;37.0;310.8;43.6;339.6;314.6;38.8;341.9;351.9;33.0
1r71_E_DC.A_11_DT.A_12;113.5;165.3;266.4;287.4;202.3;53.7;132.5;248.9;259.8;4.65;5.42;25.9;114.0;44.6;C1exo;147.9;28.5;C2end;314.6;38.8;341.9;351.9;33.0;337.7;29.0;335.9;11.4;6.7
1r71_E_DT.A_12_DA.A_13;132.5;257.9;174.2;290.9;132.8;58.6;160.3;259.8;272.9;5.13;5.07;53.6;147.9;28.5;C2end;184.7;49.3;C3exo;337.7;29.0;335.9;11.4;6.7;348.0;38.9;310.9;43.4;340.0
1r71_E_DA.A_13_DA.A_14;160.3;189.2;244.5;299.2;171.2;40.6;115.8;272.9;243.1;4.66;5.31;19.5;184.7;49.3;C3exo;119.0;31.3;C1exo;348.0;38.9;310.9;43.4;340.0;328.1;28.3;344.8;357.4;21.5
1r71_E_DA.A_14_DA.A_15;115.8;157.6;288.5;265.4;204.6;61.8;120.8;243.1;246.3;4.25;4.82;26.2;119.0;31.3;C1exo;119.8;36.4;C1exo;328.1;28.3;344.8;357.4;21.5;323.2;33.4;341.9;357.4;24.4
1r71_E_DA.A_15_DA.A_16;120.8;151.0;287.2;302.3;196.4;53.6;109.5;246.3;240.2;4.31;5.02;22.8;119.8;36.4;C1exo;123.6;31.6;C1exo;323.2;33.4;341.9;357.4;24.4;329.1;29.5;342.5;359.8;20.5
1r71_E_DA.A_16_DG.A_17;109.5;182.6;286.4;285.8;157.5;56.9;65.2;240.2;211.3;3.79;4.19;24.7;123.6;31.6;C1exo;61.7;57.2;C4exo;329.1;29.5;342.5;359.8;20.5;321.1;6.2;27.1;308.5;58.3
1r71_I_DC.B_1_BRU.B_2;134.9;204.4;279.0;351.9;217.8;309.9;123.1;229.7;254.4;4.35;5.13;34.4;142.3;45.9;C1exo;159.9;3.4;C2end;321.0;46.5;323.7;14.6;15.4;357.9;3.4;356.8;2.0;0.1
1r71_I_BRU.B_2_DT.B_3;123.1;158.9;290.2;302.6;177.8;56.8;134.0;254.4;250.3;3.9;4.18;24.6;159.9;3.4;C2end;144.0;41.7;C2end;357.9;3.4;356.8;2.0;0.1;325.1;42.3;326.3;14.4;12.6
1r71_I_DT.B_3_DT.B_4;134.0;173.9;267.5;233.9;180.8;110.3;120.3;250.3;236.8;4.74;5.46;26.9;144.0;41.7;C2end;129.2;34.6;C1exo;325.1;42.3;326.3;14.4;12.6;326.6;33.5;338.1;3.0;18.7
1r71_I_DT.B_4_DT.B_5;120.3;177.5;264.4;302.1;182.8;56.4;132.9;236.8;252.4;4.35;5.0;27.5;129.2;34.6;C1exo;148.9;40.0;C2end;326.6;33.5;338.1;3.0;18.7;328.7;39.8;325.7;16.6;9.1
1r71_I_DT.B_5_DA.B_6;132.9;171.0;262.1;286.9;188.9;67.7;150.7;252.4;269.1;4.03;4.69;42.3;148.9;40.0;C2end;168.6;41.4;C2end;328.7;39.8;325.7;16.6;9.1;338.6;38.7;319.4;29.5;354.7
1r71_I_DA.B_6_DG.B_7;150.7;199.2;240.7;301.0;170.0;20.8;142.8;269.1;280.1;4.51;4.94;6.8;168.6;41.4;C2end;150.6;47.4;C2end;338.6;38.7;319.4;29.5;354.7;324.4;49.0;318.7;21.6;8.6
1r71_I_DG.B_7_DC.B_8;142.8;265.7;129.8;302.5;139.9;37.5;132.4;280.1;242.9;4.57;4.9;33.1;150.6;47.4;C2end;149.6;33.7;C2end;324.4;49.0;318.7;21.6;8.6;333.8;33.3;330.9;14.4;7.4
1r71_I_DC.B_8_DC.B_9;132.4;193.5;278.3;290.1;174.3;48.8;106.2;242.9;250.4;4.17;4.78;25.0;149.6;33.7;C2end;114.9;38.9;C1exo;333.8;33.3;330.9;14.4;7.4;320.5;34.1;343.6;353.9;28.8
1r71_I_DC.B_9_DG.B_10;106.2;159.1;270.4;283.0;194.9;53.8;127.4;250.4;239.9;4.7;5.32;28.2;114.9;38.9;C1exo;136.7;26.0;C1exo;320.5;34.1;343.6;353.9;28.8;336.4;26.1;341.1;5.9;11.0
1r71_I_DG.B_10_DC.B_11;127.4;182.6;277.0;308.4;172.6;46.8;89.0;239.9;221.2;3.91;4.56;27.4;136.7;26.0;C1exo;77.8;33.6;O4end;336.4;26.1;341.1;5.9;11.0;330.8;12.7;7.1;335.6;34.8
1r71_I_DC.B_11_DT.B_12;89.0;187.6;279.2;303.4;166.2;51.7;153.2;221.2;253.9;4.46;4.8;20.6;77.8;33.6;O4end;160.6;49.8;C2end;330.8;12.7;7.1;335.6;34.8;328.1;47.7;313.0;29.7;0.9
1r71_I_DT.B_12_DA.B_13;153.2;232.0;195.0;296.3;167.3;40.0;132.2;253.9;272.9;5.33;5.91;41.2;160.6;49.8;C2end;176.0;18.5;C2end;328.1;47.7;313.0;29.7;0.9;352.7;16.1;341.5;14.6;355.2
1r71_I_DA.B_13_DA.B_14;132.2;170.9;289.7;289.6;175.7;68.3;133.2;272.9;253.6;3.72;4.1;31.1;176.0;18.5;C2end;149.0;36.9;C2end;352.7;16.1;341.5;14.6;355.2;331.5;37.1;328.4;15.5;8.3
1r71_I_DA.B_14_DA.B_15;133.2;180.7;253.3;296.6;164.2;69.7;128.7;253.6;247.5;4.13;4.71;33.5;149.0;36.9;C2end;152.4;35.1;C2end;331.5;37.1;328.4;15.5;8.3;334.5;35.5;328.9;16.4;5.5
1r71_I_DA.B_15_DA.B_16;128.7;205.3;254.0;294.3;165.7;36.3;155.8;247.5;264.8;4.47;4.96;21.2;152.4;35.1;C2end;154.3;50.8;C2end;334.5;35.5;328.9;16.4;5.5;323.2;51.3;314.2;26.4;6.2
1r71_I_DA.B_16_BRU.B_17;155.8;190.2;221.6;303.7;176.6;43.1;106.1;264.8;234.6;4.57;5.43;27.9;154.3;50.8;C2end;72.7;7.4;O4end;323.2;51.3;314.2;26.4;6.2;353.8;2.1;2.2;354.2;7.7
1r71_F_DC.A_1_BRU.A_2;124.4;200.6;292.7;298.2;170.0;39.9;108.7;216.7;251.8;4.12;4.64;30.0;146.5;20.5;C2end;105.4;15.4;O4end;343.4;20.8;342.9;7.9;5.4;344.2;12.0;355.9;355.1;13.0
1r71_F_BRU.A_2_DT.A_3;108.7;162.4;276.0;307.9;185.7;53.0;129.7;251.8;261.6;4.86;5.34;26.8;105.4;15.4;O4end;153.3;34.0;C2end;344.2;12.0;355.9;355.1;13.0;335.3;33.0;329.6;16.0;5.4
1r71_F_DT.A_3_DT.A_4;129.7;176.7;270.8;290.4;170.6;61.5;123.3;261.6;249.7;3.95;4.48;28.1;153.3;34.0;C2end;137.8;39.5;C1exo;335.3;33.0;329.6;16.0;5.4;324.4;39.2;330.7;9.3;16.2
1r71_F_DT.A_4_DT.A_5;123.3;176.8;268.6;279.4;186.8;66.4;116.0;249.7;251.7;4.66;5.35;22.9;137.8;39.5;C1exo;137.9;26.8;C1exo;324.4;39.2;330.7;9.3;16.2;336.6;27.1;340.1;6.1;10.9
1r71_F_DT.A_5_DA.A_6;116.0;178.4;275.7;340.9;180.6;0.3;133.6;251.7;265.3;3.97;4.62;33.5;137.9;26.8;C1exo;173.1;23.7;C2end;336.6;27.1;340.1;6.1;10.9;349.6;21.7;336.5;18.2;354.9
1r71_F_DA.A_6_DG.A_7;133.6;180.4;268.6;294.0;149.1;78.7;113.0;265.3;211.3;3.71;3.96;19.9;173.1;23.7;C2end;114.0;50.6;C1exo;349.6;21.7;336.5;18.2;354.9;309.4;44.3;339.4;351.1;38.5
1r71_F_DG.A_7_DC.A_8;113.0;232.2;197.2;316.1;139.6;43.1;137.5;211.3;237.0;5.18;5.58;28.7;114.0;50.6;C1exo;151.0;38.0;C2end;309.4;44.3;339.4;351.1;38.5;331.0;37.6;326.8;17.2;7.3
1r71_F_DC.A_8_DC.A_9;137.5;203.1;264.9;295.9;163.6;44.2;99.5;237.0;230.3;3.97;4.79;26.5;151.0;38.0;C2end;95.7;38.3;O4end;331.0;37.6;326.8;17.2;7.3;321.7;24.9;356.2;341.7;35.7
1r71_F_DC.A_9_DG.A_10;99.5;171.1;270.0;310.5;204.0;24.7;159.7;230.3;251.7;5.01;5.45;20.3;95.7;38.3;O4end;174.2;34.9;C2end;321.7;24.9;356.2;341.7;35.7;345.2;30.7;325.3;27.3;352.6
1r71_F_DG.A_10_DC.A_11;159.7;176.4;266.1;314.2;180.6;45.0;86.1;251.7;226.3;4.14;4.75;29.2;174.2;34.9;C2end;78.2;31.8;O4end;345.2;30.7;325.3;27.3;352.6;332.4;12.1;6.5;337.2;33.3
1r71_F_DC.A_11_DT.A_12;86.1;179.4;288.7;286.9;179.4;55.9;153.3;226.3;263.2;4.52;4.91;26.5;78.2;31.8;O4end;165.5;46.4;C2end;332.4;12.1;6.5;337.2;33.3;333.9;44.0;315.1;31.1;356.7
1r71_F_DT.A_12_DA.A_13;153.3;233.2;186.7;300.3;149.3;51.5;141.3;263.2;273.3;5.05;5.41;42.7;165.5;46.4;C2end;165.2;35.3;C2end;333.9;44.0;315.1;31.1;356.7;340.1;33.5;325.9;23.3;357.6
1r71_F_DA.A_13_DA.A_14;141.3;182.7;250.4;322.2;169.9;32.0;138.5;273.3;260.2;3.92;4.56;30.2;165.2;35.3;C2end;159.9;34.9;C2end;340.1;33.5;325.9;23.3;357.6;337.9;34.1;327.2;20.3;1.1
1r71_F_DA.A_14_DA.A_15;138.5;188.1;241.2;312.6;161.0;45.3;130.5;260.2;245.1;4.23;4.73;27.4;159.9;34.9;C2end;152.8;32.6;C2end;337.9;34.1;327.2;20.3;1.1;336.1;32.9;331.0;15.8;4.9
1r71_F_DA.A_15_DA.A_16;130.5;195.4;258.2;329.3;174.2;18.3;124.6;245.1;245.9;4.18;4.79;26.9;152.8;32.6;C2end;139.0;30.3;C1exo;336.1;32.9;331.0;15.8;4.9;333.5;30.4;337.1;7.7;12.0
1r71_F_DA.A_16_BRU.A_17;124.6;184.2;249.9;325.0;169.7;13.8;99.2;245.9;235.8;4.54;5.05;28.1;139.0;30.3;C1exo;44.9;8.1;C4exo;333.5;30.4;337.1;7.7;12.0;356.3;358.6;5.7;352.1;7.3
1r71_J_DA.B_1_BRU.B_2;161.2;176.8;261.3;268.7;187.1;69.8;105.8;269.3;249.7;4.32;4.94;29.0;182.9;45.9;C3exo;103.9;13.7;O4end;347.4;36.1;314.2;39.0;343.2;345.9;10.2;356.7;355.3;12.0
1r71_J_BRU.B_2_DT.B_3;105.8;173.0;271.2;304.9;173.9;58.8;128.8;249.7;230.0;4.4;4.83;22.9;103.9;13.7;O4end;141.3;39.9;C1exo;345.9;10.2;356.7;355.3;12.0;325.7;39.3;328.9;11.4;14.5
1r71_J_DT.B_3_DT.B_4;128.8;192.3;264.6;311.6;177.4;32.9;120.1;230.0;255.7;4.5;5.11;26.0;141.3;39.9;C1exo;133.8;33.2;C1exo;325.7;39.3;328.9;11.4;14.5;329.2;32.8;337.0;5.5;15.7
1r71_J_DT.B_4_DT.B_5;120.1;163.8;262.5;326.0;170.4;45.4;149.7;255.7;255.3;3.99;4.45;35.0;133.8;33.2;C1exo;166.2;45.1;C2end;329.2;32.8;337.0;5.5;15.7;334.9;41.7;316.2;30.3;356.5
1r71_J_DT.B_5_DA.B_6;149.7;198.4;248.8;287.4;165.7;63.3;130.8;255.3;263.0;4.09;4.78;34.3;166.2;45.1;C2end;136.7;43.2;C1exo;334.9;41.7;316.2;30.3;356.5;320.5;43.1;328.6;9.9;18.4
1r71_J_DA.B_6_DG.B_7;130.8;191.9;253.4;300.7;179.5;29.7;150.4;263.0;281.8;4.26;4.79;14.7;136.7;43.2;C1exo;155.0;43.7;C2end;320.5;43.1;328.6;9.9;18.4;328.6;45.4;320.4;23.9;3.9
1r71_J_DG.B_7_DC.B_8;150.4;254.8;137.2;287.7;146.3;52.4;128.9;281.8;240.4;4.87;5.12;30.4;155.0;43.7;C2end;140.9;35.5;C1exo;328.6;45.4;320.4;23.9;3.9;329.2;34.8;332.5;9.9;13.2
1r71_J_DC.B_8_DG.B_9;128.9;192.4;276.1;298.3;171.8;45.2;123.8;240.4;248.9;4.12;4.76;30.9;140.9;35.5;C1exo;134.1;40.1;C1exo;329.2;34.8;332.5;9.9;13.2;322.7;40.1;332.1;7.4;18.5
1r71_J_DG.B_9_DG.B_10;123.8;181.9;242.1;302.0;180.8;54.3;140.9;248.9;247.9;5.17;5.72;22.6;134.1;40.1;C1exo;169.0;35.2;C2end;322.7;40.1;332.1;7.4;18.5;342.5;32.6;325.4;24.7;355.3
1r71_J_DG.B_10_DC.B_11;140.9;197.4;271.8;289.8;153.4;56.4;111.4;247.9;237.0;3.72;4.32;28.5;169.0;35.2;C2end;107.5;47.1;O4end;342.5;32.6;325.4;24.7;355.3;311.0;38.3;345.8;346.9;37.8
1r71_J_DC.B_11_DT.B_12;111.4;177.0;251.3;313.7;183.5;46.0;146.5;237.0;262.0;4.81;5.41;20.0;107.5;47.1;O4end;158.3;43.9;C2end;311.0;38.3;345.8;346.9;37.8;330.7;42.7;319.2;24.7;2.7
1r71_J_DT.B_12_DA.B_13;146.5;233.3;190.5;300.0;150.0;46.3;138.4;262.0;264.3;5.05;5.41;41.7;158.3;43.9;C2end;174.7;31.6;C2end;330.7;42.7;319.2;24.7;2.7;347.1;27.4;328.5;24.0;352.7
1r71_J_DA.B_13_DA.B_14;138.4;176.7;260.0;335.6;164.2;16.3;117.8;264.3;262.7;4.02;4.53;31.1;174.7;31.6;C2end;134.3;24.5;C1exo;347.1;27.4;328.5;24.0;352.7;337.3;23.9;342.9;4.3;11.7
1r71_J_DA.B_14_DA.B_15;117.8;138.1;295.4;263.1;202.3;72.0;131.7;262.7;248.6;4.17;4.69;28.4;134.3;24.5;C1exo;146.6;37.6;C2end;337.3;23.9;342.9;4.3;11.7;329.3;38.5;328.6;15.0;9.6
1r71_J_DA.B_15_DA.B_16;131.7;170.4;274.6;274.8;182.9;67.0;114.9;248.6;234.8;4.25;4.96;22.7;146.6;37.6;C2end;121.0;41.0;C1exo;329.3;38.5;328.6;15.0;9.6;319.1;37.4;338.9;357.7;27.6
1r71_J_DA.B_16_DG.B_17;114.9;179.8;274.2;280.0;173.1;77.2;82.4;234.8;208.5;4.19;4.72;20.7;121.0;41.0;C1exo;77.9;55.6;O4end;319.1;37.4;338.9;357.7;27.6;310.8;22.2;11.7;319.1;55.1
1r71_G_DA.A_1_BRU.A_2;141.1;204.5;238.8;16.7;188.0;316.2;113.5;250.7;251.3;4.69;5.19;26.0;160.3;38.2;C2end;91.4;4.2;O4end;335.3;37.7;324.0;23.4;0.7;356.0;2.5;359.9;357.7;4.1
1r71_G_BRU.A_2_DT.A_3;113.5;152.6;299.2;276.7;183.4;73.2;130.0;251.3;233.1;3.96;4.2;19.4;91.4;4.2;O4end;136.7;46.9;C1exo;356.0;2.5;359.9;357.7;4.1;317.2;46.5;325.9;10.5;20.1
1r71_G_DT.A_3_DT.A_4;130.0;188.1;267.4;287.2;173.1;59.9;116.7;233.1;248.2;4.12;4.94;31.1;136.7;46.9;C1exo;129.6;38.1;C1exo;317.2;46.5;325.9;10.5;20.1;323.3;36.3;335.7;3.2;20.7
1r71_G_DT.A_4_DT.A_5;116.7;178.8;261.2;293.5;177.0;67.3;126.7;248.2;246.2;4.45;4.99;36.5;129.6;38.1;C1exo;142.4;30.4;C1exo;323.3;36.3;335.7;3.2;20.7;334.2;30.7;335.9;9.5;10.1
1r71_G_DT.A_5_DA.A_6;126.7;187.4;256.9;310.0;172.6;46.5;145.4;246.2;273.8;4.23;4.82;37.7;142.4;30.4;C1exo;160.5;38.6;C2end;334.2;30.7;335.9;9.5;10.1;335.5;37.9;323.6;23.2;0.5
1r71_G_DA.A_6_DG.A_7;145.4;192.5;222.8;329.1;137.5;47.7;139.2;273.8;261.1;4.12;4.43;15.1;160.5;38.6;C2end;144.2;50.9;C2end;335.5;37.9;323.6;23.2;0.5;317.2;53.4;318.7;18.7;14.3
1r71_G_DG.A_7_DC.A_8;139.2;241.0;169.2;314.5;164.2;18.4;129.6;261.1;240.8;5.53;6.19;24.9;144.2;50.9;C2end;191.1;19.2;C3exo;317.2;53.4;318.7;18.7;14.3;357.7;13.3;341.2;17.2;350.3
1r71_G_DC.A_8_DG.A_9;129.6;176.3;293.6;273.2;174.6;62.8;118.2;240.8;232.3;3.99;4.49;29.9;191.1;19.2;C3exo;125.6;28.5;C1exo;357.7;13.3;341.2;17.2;350.3;332.3;27.1;343.4;0.8;17.3
1r71_G_DG.A_9_DG.A_10;118.2;170.9;277.3;301.8;231.3;21.7;158.7;232.3;264.6;5.34;5.83;15.0;125.6;28.5;C1exo;198.8;38.2;C3exo;332.3;27.1;343.4;0.8;17.3;0.5;22.7;323.8;36.7;336.6
1r71_G_DG.A_10_DC.A_11;158.7;169.2;274.2;286.8;177.1;72.1;115.7;264.6;237.4;3.65;4.21;33.7;198.8;38.2;C3exo;120.0;30.6;C1exo;0.5;22.7;323.8;36.7;336.6;329.1;28.3;344.7;357.9;20.4
1r71_G_DC.A_11_DT.A_12;115.7;187.9;258.8;291.8;177.6;54.4;143.4;237.4;262.6;4.72;5.22;23.7;120.0;30.6;C1exo;152.9;40.9;C2end;329.1;28.3;344.7;357.9;20.4;329.9;41.2;323.6;20.0;6.0
1r71_G_DT.A_12_DA.A_13;143.4;246.5;172.7;303.4;141.1;44.6;138.7;262.6;270.7;5.32;5.57;46.5;152.9;40.9;C2end;172.9;28.8;C2end;329.9;41.2;323.6;20.0;6.0;347.2;25.9;331.4;21.9;354.2
1r71_G_DA.A_13_DA.A_14;138.7;173.4;266.7;316.2;181.9;36.2;134.7;270.7;260.8;4.09;4.65;26.0;172.9;28.8;C2end;150.1;35.5;C2end;347.2;25.9;331.4;21.9;354.2;332.8;35.7;329.2;15.7;7.3
1r71_G_DA.A_14_DA.A_15;134.7;187.7;250.0;309.4;168.8;41.3;133.9;260.8;255.3;4.11;4.68;26.9;150.1;35.5;C2end;152.1;37.6;C2end;332.8;35.7;329.2;15.7;7.3;332.6;37.7;326.8;17.4;6.4
1r71_G_DA.A_15_DA.A_16;133.9;180.7;254.3;315.3;172.4;41.0;131.6;255.3;254.8;4.21;4.83;30.6;152.1;37.6;C2end;157.3;35.8;C2end;332.6;37.7;326.8;17.4;6.4;336.3;35.3;327.0;19.2;2.7
1r71_G_DA.A_16_DG.A_17;131.6;173.5;261.8;256.7;184.8;79.7;87.1;254.8;213.2;4.47;4.99;23.5;157.3;35.8;C2end;62.8;46.0;C4exo;336.3;35.3;327.0;19.2;2.7;327.0;6.2;21.0;318.8;45.6
1r71_L_DC.B_1_BRU.B_2;136.4;174.6;297.3;256.3;180.7;82.1;121.7;235.4;251.0;3.92;4.4;39.7;175.2;30.8;C2end;116.0;16.4;C1exo;347.7;26.8;329.3;23.8;352.6;343.1;15.1;352.8;357.8;11.3
1r71_L_BRU.B_2_DT.B_3;121.7;184.3;241.8;326.9;179.0;37.7;148.2;251.0;271.0;4.91;5.58;27.6;116.0;16.4;C1exo;185.8;35.8;C3exo;343.1;15.1;352.8;357.8;11.3;352.2;27.1;324.4;30.9;344.9
1r71_L_DT.B_3_DT.B_4;148.2;190.8;245.2;319.6;172.3;32.5;135.6;271.0;254.0;4.77;5.02;26.1;185.8;35.8;C3exo;152.4;39.3;C2end;352.2;27.1;324.4;30.9;344.9;330.7;38.8;325.2;18.6;6.4
1r71_L_DT.B_4_DT.B_5;135.6;162.5;265.4;291.4;191.5;67.3;124.6;254.0;244.4;4.08;4.79;19.0;152.4;39.3;C2end;137.6;39.6;C1exo;330.7;38.8;325.2;18.6;6.4;324.1;39.1;330.8;9.3;16.4
1r71_L_DT.B_5_DA.B_6;124.6;187.3;273.3;287.2;176.1;57.5;123.6;244.4;256.2;4.01;4.66;36.7;137.6;39.6;C1exo;140.7;36.3;C1exo;324.1;39.1;330.8;9.3;16.4;328.5;35.9;331.9;10.3;13.6
1r71_L_DA.B_6_DG.B_7;123.6;185.8;260.6;306.8;164.3;44.9;129.2;256.2;245.3;4.06;4.54;22.0;140.7;36.3;C1exo;133.0;45.9;C1exo;328.5;35.9;331.9;10.3;13.6;317.3;46.3;328.7;7.7;21.9
1r71_L_DG.B_7_DC.B_8;129.2;245.7;164.9;310.9;122.5;49.0;133.8;245.3;241.0;4.78;4.94;24.7;133.0;45.9;C1exo;138.7;49.0;C1exo;317.3;46.3;328.7;7.7;21.9;316.8;49.7;323.2;12.6;19.1
1r71_L_DC.B_8_DC.B_9;133.8;200.6;262.7;287.4;166.3;58.7;112.9;241.0;243.8;4.04;4.8;26.8;138.7;49.0;C1exo;120.2;52.0;C1exo;316.8;49.7;323.2;12.6;19.1;308.6;48.0;333.8;356.7;35.7
1r71_L_DC.B_9_DG.B_10;112.9;185.8;226.1;319.6;167.1;42.9;144.3;243.8;247.7;5.14;5.68;27.9;120.2;52.0;C1exo;166.0;39.8;C2end;308.6;48.0;333.8;356.7;35.7;338.6;37.7;321.4;26.3;356.8
1r71_L_DG.B_10_DC.B_11;144.3;192.6;268.5;307.3;156.6;37.8;80.3;247.7;219.6;3.76;4.47;27.4;166.0;39.8;C2end;69.3;43.1;C4exo;338.6;37.7;321.4;26.3;356.8;325.3;10.4;15.2;325.1;44.0
1r71_L_DC.B_11_DT.B_12;80.3;181.4;280.2;317.7;181.9;42.7;149.3;219.6;253.5;4.68;5.13;17.0;69.3;43.1;C4exo;160.1;45.1;C2end;325.3;10.4;15.2;325.1;44.0;331.0;43.8;317.6;26.8;1.2
1r71_L_DT.B_12_DA.B_13;149.3;238.6;188.2;314.6;152.8;30.7;150.1;253.5;275.6;5.08;5.46;46.6;160.1;45.1;C2end;190.1;35.5;C3exo;331.0;43.8;317.6;26.8;1.2;354.7;25.4;325.1;32.5;342.6
1r71_L_DA.B_13_DA.B_14;150.1;180.0;241.1;341.6;154.4;22.1;133.6;275.6;256.3;3.76;4.28;27.2;190.1;35.5;C3exo;149.4;36.0;C2end;354.7;25.4;325.1;32.5;342.6;331.6;35.1;329.0;15.2;8.2
1r71_L_DA.B_14_DA.B_15;133.6;182.0;249.9;307.4;167.7;46.2;116.9;256.3;242.0;4.33;4.91;30.1;149.4;36.0;C2end;119.1;32.1;C1exo;331.6;35.1;329.0;15.2;8.2;327.5;29.1;344.4;357.3;22.1
1r71_L_DA.B_15_DA.B_16;116.9;162.0;288.0;281.8;191.5;51.0;108.7;242.0;237.8;4.49;5.01;20.4;119.1;32.1;C1exo;109.7;38.8;C1exo;327.5;29.1;344.4;357.3;22.1;320.3;31.9;346.9;350.4;31.2
1r71_L_DA.B_16_BRU.B_17;108.7;180.0;270.7;316.2;170.7;39.7;93.3;237.8;240.6;4.08;4.68;24.1;109.7;38.8;C1exo;68.9;11.1;C4exo;320.3;31.9;346.9;350.4;31.2;351.2;2.6;4.0;350.8;11.3
1r71_H_DC.A_1_BRU.A_2;147.0;194.9;271.4;285.9;164.3;61.6;106.3;244.5;243.6;3.95;4.56;34.3;172.0;38.6;C2end;103.9;14.2;O4end;342.5;34.8;321.8;28.5;352.8;345.4;10.6;356.6;355.1;12.3
1r71_H_BRU.A_2_DT.A_3;106.3;172.4;266.7;314.9;175.3;54.9;134.3;243.6;245.8;4.58;5.02;28.7;103.9;14.2;O4end;151.0;35.6;C2end;345.4;10.6;356.6;355.1;12.3;333.1;35.8;328.9;16.2;6.6
1r71_H_DT.A_3_DT.A_4;134.3;185.1;270.3;299.6;185.0;40.2;124.9;245.8;251.4;4.45;5.06;23.4;151.0;35.6;C2end;137.7;37.2;C1exo;333.1;35.8;328.9;16.2;6.6;326.6;36.5;332.5;8.5;15.5
1r71_H_DT.A_4_DT.A_5;124.9;180.4;264.2;302.7;175.7;55.1;131.1;251.4;250.4;4.23;4.81;30.2;137.7;37.2;C1exo;160.0;36.9;C2end;326.6;36.5;332.5;8.5;15.5;336.6;36.0;325.3;21.4;0.9
1r71_H_DT.A_5_DA.A_6;131.1;193.9;267.0;293.1;176.4;44.4;118.7;250.4;261.7;4.14;4.71;36.6;160.0;36.9;C2end;132.8;29.9;C1exo;336.6;36.0;325.3;21.4;0.9;332.0;29.1;339.7;4.6;15.0
1r71_H_DA.A_6_DG.A_7;118.7;179.4;274.1;296.7;167.3;52.7;134.3;261.7;248.8;3.91;4.35;18.5;132.8;29.9;C1exo;134.1;49.4;C1exo;332.0;29.1;339.7;4.6;15.0;314.0;49.7;325.6;9.4;22.8
1r71_H_DG.A_7_DC.A_8;134.3;230.1;177.5;295.9;155.1;52.2;144.0;248.8;241.1;5.28;5.61;25.0;134.1;49.4;C1exo;159.2;39.8;C2end;314.0;49.7;325.6;9.4;22.8;334.4;38.8;322.8;22.7;1.9
1r71_H_DC.A_8_DC.A_9;144.0;202.9;267.8;288.5;154.4;61.0;87.3;241.1;222.4;3.97;4.58;22.6;159.2;39.8;C2end;91.8;50.1;O4end;334.4;38.8;322.8;22.7;1.9;310.9;30.8;358.4;333.1;47.4
1r71_H_DC.A_9_DG.A_10;87.3;182.0;263.9;319.1;191.9;19.0;150.3;222.4;254.6;4.92;5.48;27.0;91.8;50.1;O4end;169.8;30.3;C2end;310.9;30.8;358.4;333.1;47.4;345.3;28.3;330.2;22.0;355.5
1r71_H_DG.A_10_DC.A_11;150.3;166.5;274.2;311.7;185.1;38.6;107.2;254.6;230.0;4.2;4.85;23.7;169.8;30.3;C2end;101.8;23.5;O4end;345.3;28.3;330.2;22.0;355.5;336.1;17.2;355.2;351.2;20.8
1r71_H_DC.A_11_DT.A_12;107.2;168.7;288.8;289.3;195.6;55.4;150.4;230.0;257.9;4.51;5.01;20.4;101.8;23.5;O4end;157.3;49.7;C2end;336.1;17.2;355.2;351.2;20.8;326.4;48.8;314.2;27.2;3.9
1r71_H_DT.A_12_DA.A_13;150.4;241.7;179.5;311.1;140.3;42.7;136.8;257.9;272.6;5.01;5.37;49.7;157.3;49.7;C2end;168.8;30.7;C2end;326.4;48.8;314.2;27.2;3.9;344.6;27.6;329.9;21.0;356.3
1r71_H_DA.A_13_DA.A_14;136.8;176.4;257.6;326.1;168.0;27.8;118.6;272.6;249.3;3.94;4.51;24.7;168.8;30.7;C2end;121.8;27.7;C1exo;344.6;27.6;329.9;21.0;356.3;332.0;25.5;345.4;359.1;18.1
1r71_H_DA.A_14_DA.A_15;118.6;151.4;292.8;276.3;196.0;63.3;137.9;249.3;255.5;4.28;4.82;27.7;121.8;27.7;C1exo;149.5;42.2;C2end;332.0;25.5;345.4;359.1;18.1;326.9;42.4;323.6;18.5;8.9
1r71_H_DA.A_15_DA.A_16;137.9;187.1;258.1;291.3;170.4;63.6;126.3;255.5;253.0;4.05;4.59;30.9;149.5;42.2;C2end;132.7;44.7;C1exo;326.9;42.4;323.6;18.5;8.9;318.3;45.2;329.7;7.1;21.3
1r71_H_DA.A_16_BRU.A_17;126.3;204.6;234.8;351.7;178.1;318.6;114.4;253.0;252.5;4.79;5.53;15.3;132.7;44.7;C1exo;12.8;3.4;C3end;318.3;45.2;329.7;7.1;21.3;0.3;357.7;3.3;356.9;1.8
1r71_K_DA.B_1_BRU.B_2;156.5;179.2;265.4;289.6;176.9;57.1;111.5;262.5;252.7;4.3;4.77;25.4;190.0;40.1;C3exo;113.1;13.0;C1exo;354.1;28.7;320.5;36.4;340.4;346.6;10.8;354.9;357.5;10.1
1r71_K_BRU.B_2_DT.B_3;111.5;184.5;250.8;334.1;168.8;24.3;116.8;252.7;243.2;4.55;5.03;21.7;113.1;13.0;C1exo;123.0;26.1;C1exo;346.6;10.8;354.9;357.5;10.1;333.9;23.8;345.8;359.5;17.0
1r71_K_DT.B_3_DT.B_4;116.8;161.7;293.0;286.7;181.2;52.8;140.0;243.2;262.9;4.02;4.53;32.4;123.0;26.1;C1exo;152.4;43.8;C2end;333.9;23.8;345.8;359.5;17.0;327.8;43.2;321.2;20.4;7.3
1r71_K_DT.B_4_DT.B_5;140.0;187.1;213.3;358.0;140.4;25.8;127.5;262.9;254.0;4.5;4.97;28.2;152.4;43.8;C2end;137.7;40.8;C1exo;327.8;43.2;321.2;20.4;7.3;323.3;40.6;329.8;9.5;16.8
1r71_K_DT.B_5_DA.B_6;127.5;178.2;268.1;282.4;181.2;66.2;135.8;254.0;263.1;3.98;4.69;37.0;137.7;40.8;C1exo;146.5;35.9;C2end;323.3;40.6;329.8;9.5;16.8;330.7;36.7;330.1;14.2;9.2
1r71_K_DA.B_6_DG.B_7;135.8;196.5;237.5;304.1;156.8;48.2;135.8;263.1;256.0;4.25;4.77;20.0;146.5;35.9;C2end;141.2;42.5;C1exo;330.7;36.7;330.1;14.2;9.2;323.5;43.8;326.9;12.8;14.5
1r71_K_DG.B_7_DC.B_8;135.8;260.9;150.1;287.0;147.5;44.9;143.0;256.0;237.5;5.13;5.32;28.5;141.2;42.5;C1exo;149.7;40.1;C2end;323.5;43.8;326.9;12.8;14.5;329.3;40.4;325.4;17.3;8.5
1r71_K_DC.B_8_DG.B_9;143.0;201.6;262.2;290.7;175.3;46.8;126.0;237.5;257.1;4.29;5.03;35.9;149.7;40.1;C2end;133.8;36.6;C1exo;329.3;40.4;325.4;17.3;8.5;325.9;37.1;334.7;6.8;16.8
1r71_K_DG.B_9_DG.B_10;126.0;165.3;245.0;292.3;184.6;65.1;135.4;257.1;233.9;5.12;5.56;19.5;133.8;36.6;C1exo;149.3;32.1;C2end;325.9;37.1;334.7;6.8;16.8;335.4;32.6;332.4;13.7;6.9
1r71_K_DG.B_10_DC.B_11;135.4;197.7;275.6;297.2;153.0;54.3;93.7;233.9;239.4;3.87;4.44;29.9;149.3;32.1;C2end;97.2;47.0;O4end;335.4;32.6;332.4;13.7;6.9;312.7;31.8;354.1;338.4;42.8
1r71_K_DC.B_11_DT.B_12;93.7;180.0;261.7;302.3;179.6;46.1;143.0;239.4;257.2;4.72;5.23;21.6;97.2;47.0;O4end;161.7;37.7;C2end;312.7;31.8;354.1;338.4;42.8;337.0;36.3;324.2;22.7;359.9
1r71_K_DT.B_12_DA.B_13;143.0;238.7;187.4;300.9;144.2;51.7;133.9;257.2;263.0;5.2;5.46;42.3;161.7;37.7;C2end;156.2;32.5;C2end;337.0;36.3;324.2;22.7;359.9;337.7;31.7;330.3;17.0;3.3
1r71_K_DA.B_13_DA.B_14;133.9;173.4;269.1;302.4;178.1;45.8;141.3;263.0;259.7;4.09;4.72;28.2;156.2;32.5;C2end;163.7;38.4;C2end;337.7;31.7;330.3;17.0;3.3;337.5;36.6;323.1;24.5;358.6
1r71_K_DA.B_14_DA.B_15;141.3;197.4;243.1;306.9;166.6;45.5;119.5;259.7;249.7;4.16;4.69;30.2;163.7;38.4;C2end;136.6;28.8;C1exo;337.5;36.6;323.1;24.5;358.6;334.2;28.4;339.1;6.0;12.6
1r71_K_DA.B_15_DA.B_16;119.5;167.5;274.7;296.3;190.9;43.7;118.0;249.7;247.4;4.49;5.05;21.3;136.6;28.8;C1exo;132.4;30.1;C1exo;334.2;28.4;339.1;6.0;12.6;331.9;29.2;339.7;4.1;15.3
1r71_K_DA.B_16_DG.B_17;118.0;171.2;281.9;271.7;175.2;82.9;81.3;247.4;200.7;3.72;4.23;29.5;132.4;30.1;C1exo;66.7;49.3;C4exo;331.9;29.2;339.7;4.1;15.3;322.2;10.1;19.5;317.8;49.3
