step_ID,d1,e1,z1,a2,b2,g2,d2,ch1,ch2,NN,CC,mu,NtC,CANA,confalA,confalG,confalH,nearest_NtC,dd1,de1,dz1,da2,db2,dg2,dd2,dch1,dch2,dNN,dCC,dmu,sd1,se1,sz1,sa2,sb2,sg2,sd2,sch1,sch2,sNN,sCC,smu,nearest_golden,P1,t1,Pn1,P2,t2,Pn2,nu11,nu12,nu13,nu14,nu15,nu21,nu22,nu23,nu24,nu25,dnu11,dnu12,dnu13,dnu14,dnu15,dnu21,dnu22,dnu23,dnu24,dn25,comment,rmsd
3vok_U_DA_1_DT_2,145.0,195.5,269.2,285.2,176.1,50.2,136.8,57.1,267.6,4.28,4.90,32.1,BBS1,SYN,80,76,72,BBS1,-1.3,8.2,-5.2,-11.0,4.4,-1.3,1.9,-6.6,7.9,0.34,0.35,-12.9,98.7,80.8,92.6,74.3,90.0,99.4,98.4,89.9,88.0,44.1,36.0,66.2,1ph8_H_DG_3_DG_4,162.7,38.0,C2end,142.5,44.0,C1exo,337.2,36.5,323.7,23.8,359.2,322.4,44.6,325.1,14.2,14.4,-4.5,2.8,-0.9,-1.9,4.0,-6.9,5.4,-2.4,-1.4,5.1,,0.32
3vok_U_DT_2_DG_3,136.8,240.9,157.1,346.3,113.0,14.9,160.2,267.6,291.7,4.65,4.82,35.7,NANT,NAN,0,0,0,BB10,-1.2,45.1,-34.4,-35.6,6.6,-4.0,30.9,10.4,33.9,0.26,-0.05,10.0,99.4,1.7,8.1,7.8,90.0,96.5,8.0,81.8,7.9,80.1,99.1,71.3,3gq3_B_DG_12_DA_13,142.5,44.0,C1exo,168.6,48.7,C2end,322.4,44.6,325.1,14.2,14.4,334.7,45.5,312.3,34.9,353.8,-7.3,3.6,0.9,-5.2,7.8,8.1,5.5,-16.5,21.9,-18.8,cAne1;cAnz1;cAnd2;cAnch2;cNne1;cNnch2,0.51
3vok_U_DG_3_DA_4,160.2,247.6,159.1,309.4,133.2,36.7,134.1,291.7,254.7,4.31,4.73,37.6,BB07,BB2,62,53,42,BB07,16.5,0.3,-10.4,12.9,-7.7,-9.4,-7.0,21.0,-5.7,-0.65,-0.47,-8.4,12.1,100.0,76.6,63.8,80.9,62.7,74.2,43.1,94.5,21.4,32.5,87.7,1h6f_D_DG_20_DA_21,168.6,48.7,C2end,154.8,36.5,C2end,334.7,45.5,312.3,34.9,353.8,334.2,36.3,327.0,18.7,4.3,5.6,3.3,-10.6,14.5,-12.5,-6.7,4.0,0.1,-3.8,6.6,,0.22
3vok_U_DA_4_DC_5,134.1,178.1,235.0,36.4,162.5,323.4,152.9,254.7,270.7,4.37,5.08,26.6,BB02,BBw,68,57,43,BB02,-6.5,-15.8,-11.4,5.5,-32.8,26.3,2.8,2.8,17.4,-0.09,-0.03,4.8,77.6,35.4,67.4,92.2,15.7,14.1,93.6,97.8,44.9,95.1,99.4,82.2,1l3l_E_DT_5_DG_6,154.8,36.5,C2end,189.1,34.5,C3exo,334.2,36.3,327.0,18.7,4.3,354.2,25.3,325.9,31.6,343.6,-4.1,2.2,0.1,-2.4,4.0,1.0,2.0,-4.4,5.2,-3.9,,0.24
3vok_U_DC_5_DA_6,152.9,194.3,234.9,322.6,157.3,32.9,141.7,270.7,269.2,4.36,4.72,21.9,BB04,B12,68,62,54,BB04,12.8,-7.0,20.7,7.9,4.6,-13.2,1.7,8.2,16.6,-0.29,-0.40,-6.7,18.0,90.6,38.0,84.0,94.8,46.1,97.2,85.4,50.8,75.1,51.5,83.2,1m19_I_DC_88_DC_89,189.1,34.5,C3exo,156.6,41.4,C2end,354.2,25.3,325.9,31.6,343.6,331.5,41.3,322.0,22.6,3.5,21.6,-12.8,0.3,12.7,-21.5,-5.2,6.4,-5.2,2.6,1.6,,0.29
3vok_U_DA_6_DC_7,141.7,191.2,241.0,50.8,213.1,270.2,126.9,269.2,229.3,3.93,4.67,26.8,BB02,BBw,49,32,11,BB02,1.1,-2.8,-5.4,19.9,17.8,-26.9,-23.2,17.3,-24.0,-0.53,-0.44,5.0,99.2,96.9,91.5,34.2,58.0,12.8,1.3,43.8,21.5,16.5,26.6,80.8,1gtw_C_DG_7_DC_8,156.6,41.4,C2end,216.8,7.1,C4end,331.5,41.3,322.0,22.6,3.5,2.3,2.4,354.3,7.2,354.0,-6.8,7.2,-5.1,1.5,3.2,9.1,-20.9,24.0,-19.2,6.5,,0.29
3vok_U_DC_7_DA.B_8,126.9,203.3,282.4,298.7,167.3,50.7,127.6,229.3,245.4,4.36,4.91,22.5,BB00,BBB,68,62,57,BB00,-10.9,20.2,24.2,-5.0,-12.3,6.5,-10.5,-23.2,-12.8,-0.01,-0.04,-3.0,52.1,39.5,34.7,94.5,74.2,80.5,44.2,28.2,72.9,99.9,99.6,95.1,2crx_D_DA_12_DT_13,216.8,7.1,C4end,136.8,34.3,C1exo,2.3,2.4,354.3,7.2,354.0,328.9,34.5,335.0,7.8,14.4,24.8,-30.8,25.3,-11.4,-8.3,-4.2,-2.5,7.6,-10.1,8.9,,0.39
3vok_U_DC_7_DT.A_8,126.9,203.2,283.5,297.6,166.3,52.9,121.9,229.3,244.7,4.40,4.94,17.0,BB01,BBB,69,57,44,BB01,-3.8,22.2,17.9,-3.8,-9.9,4.3,1.8,-18.2,0.8,0.10,0.09,-8.6,96.5,17.7,14.7,95.5,54.9,92.5,96.5,31.3,99.6,94.0,94.0,38.1,2crx_D_DA_12_DT_13,216.8,7.1,C4end,128.6,37.3,C1exo,2.3,2.4,354.3,7.2,354.0,323.9,36.3,336.7,3.2,20.6,27.4,-29.7,21.4,-5.8,-13.5,-2.7,2.8,-1.9,0.9,1.1,,0.40
3vok_U_DA.B_8_DG_9,127.6,202.1,259.1,295.4,153.8,51.7,84.9,245.4,202.5,4.38,4.83,11.8,BA05,B-A,50,36,24,BA05,-3.8,17.7,-9.7,-0.5,-15.0,0.6,-19.3,-5.4,-32.9,0.27,0.19,-12.4,97.2,16.4,53.8,99.9,15.4,99.8,23.7,90.7,5.5,25.2,48.5,24.6,1nk7_C_DA_11_DT_12,136.8,34.3,C1exo,72.3,48.2,O4end,328.9,34.5,335.0,7.8,14.4,320.5,14.4,14.7,321.5,49.0,-5.4,1.8,2.4,-5.2,6.6,0.1,-14.2,22.5,-23.4,14.8,,0.25
3vok_U_DT.A_8_DG_9,121.9,202.1,263.5,295.5,153.8,51.7,84.9,244.7,202.5,4.23,4.76,15.8,BA05,B-A,60,45,27,BA05,-9.5,17.7,-5.3,0.4,-15.0,0.6,-19.3,-6.2,-32.9,0.12,0.12,-8.4,83.7,16.4,83.2,100.0,15.4,99.8,23.7,88.3,5.5,75.4,75.4,52.6,1nk7_C_DA_11_DT_12,128.6,37.3,C1exo,72.3,48.2,O4end,323.9,36.3,336.7,3.2,20.6,320.5,14.4,14.7,321.5,49.0,-10.4,3.6,4.1,-9.8,12.8,0.1,-14.2,22.5,-23.4,14.8,,0.21
3vok_U_DG_9_DT_10,84.9,179.7,274.1,303.9,187.2,50.8,122.8,202.5,232.3,5.10,5.70,20.4,AB03,A-B,45,38,31,AB03,-18.1,-15.0,19.6,-16.6,25.6,10.7,-13.5,-26.0,-23.7,0.52,0.57,-2.1,29.1,52.5,11.7,51.3,20.7,76.1,63.1,19.6,23.8,46.3,42.3,97.7,3bdp_P_DA_12_DT_13,72.3,48.2,O4end,139.2,22.0,C1exo,320.5,14.4,14.7,321.5,49.0,340.5,22.3,343.3,5.9,8.4,-2.7,-10.6,19.7,-22.3,15.8,8.0,-14.9,15.9,-11.8,2.4,,0.49
3vok_U_DT_10_DG_11,122.8,194.4,270.8,300.8,173.5,48.0,134.5,232.3,257.6,4.46,4.99,24.3,BB00,BBB,82,77,70,BB00,-15.0,11.3,12.6,-2.9,-6.1,3.8,-3.6,-20.2,0.6,0.09,0.04,-1.2,29.1,74.8,75.0,98.1,92.9,92.9,90.7,38.3,99.9,97.6,99.4,99.2,1nk0_C_DT_5_DG_6,139.2,22.0,C1exo,147.1,40.3,C2end,340.5,22.3,343.3,5.9,8.4,327.5,41.0,326.2,16.2,10.0,3.0,-10.9,14.3,-12.7,6.1,-5.6,4.0,-1.2,-1.7,4.5,,0.23
3vok_U_DG_11_DT_12,134.5,173.8,251.6,315.8,187.6,38.8,155.2,257.6,265.9,4.46,5.09,28.6,BB00,BBB,83,75,58,BB00,-3.3,-9.3,-6.6,12.1,8.0,-5.4,17.1,5.1,7.6,0.09,0.14,3.1,94.1,82.1,92.5,72.1,88.1,85.8,11.8,94.2,89.4,97.6,93.6,95.1,1kx5_J_DC_41_DA_42,147.1,40.3,C2end,175.4,43.1,C2end,327.5,41.0,326.2,16.2,10.0,342.5,38.0,317.0,34.2,349.3,-10.0,7.8,-2.8,-2.4,7.7,9.4,1.0,-10.4,16.3,-16.2,,0.25
3vok_U_DT_12_DC_13,155.2,212.4,208.1,338.0,151.5,12.2,156.4,265.9,281.8,4.53,4.97,32.7,NANT,NAN,0,0,0,BB04,15.1,11.1,-6.1,23.2,-1.2,-33.9,16.4,3.4,29.2,-0.12,-0.15,4.1,9.2,77.8,92.0,21.7,99.7,0.6,7.6,97.4,12.4,95.3,91.0,93.2,1dcw_B_DT_5_DA_6,175.4,43.1,C2end,173.6,42.8,C2end,342.5,38.0,317.0,34.2,349.3,341.3,38.4,317.5,33.2,350.8,9.9,0.1,-9.2,15.3,-15.8,4.6,3.5,-9.7,13.2,-11.1,,0.30
3vok_U_DC_13_DA_14,156.4,220.0,194.2,316.3,145.0,38.0,145.6,281.8,271.3,4.62,4.98,41.6,BB04,B12,63,53,35,BB04,16.3,18.7,-20.0,1.6,-7.7,-8.1,5.6,19.3,18.7,-0.03,-0.14,13.0,6.2,49.1,40.8,99.3,86.2,74.7,73.9,41.6,42.4,99.7,92.1,49.7,1d3r_B_DC_15_DG_16,173.6,42.8,C2end,171.4,34.3,C2end,341.3,38.4,317.5,33.2,350.8,343.8,31.4,326.1,25.6,353.8,8.7,0.3,-8.7,14.3,-14.3,7.1,-3.5,-1.1,5.6,-8.1,,0.27
3vok_U_DA_14_DT_15,145.6,184.7,254.2,303.3,161.1,54.5,102.9,271.3,240.6,3.90,4.44,20.6,BA05,B-A,69,62,54,BA05,14.2,0.3,-14.6,7.4,-7.7,2.2,-1.3,20.5,5.2,-0.21,-0.20,-3.6,67.2,99.9,24.5,85.6,61.0,98.1,99.3,25.1,93.0,45.9,42.7,89.0,2ih2_B_DG_8_DT_9,171.4,34.3,C2end,98.8,42.3,O4end,343.8,31.4,326.1,25.6,353.8,317.3,29.9,353.5,342.0,38.1,9.5,-1.3,-6.5,12.6,-14.1,-3.1,1.3,1.3,-2.9,3.9,,0.27
